{
    "type": "minecraft:crafting_shaped",
    "pattern": [
        " # ",
        "RSG",
        " M "
    ],
    "key": {
        "#": {
            "item": "minecraft:water_bucket"
        },
        "R": {
            "item": "minecraft:redstone"
        },
        "S": {
            "item": "minecraft:sugar"
        },
        "G": {
            "item": "minecraft:glowstone_dust"
        },
        "M": {
            "item": "medis:teneke"
        }
    },
    "result": {
        "item": "medis:enerji",
        "count": 1
    },
    "group": "i1"
}