{
    "type": "minecraft:crafting_shaped",
    "pattern": [
        "#I#",
        "GWR",
        "#M#"
    ],
    "key": {
        "#": {
            "item": "minecraft:cobblestone"
        },
        "I": {
            "item": "minecraft:iron_nugget"
        },
        "G": {
            "item": "minecraft:glowstone_dust"
        },
        "W": {
            "item": "minecraft:gold_nugget"
        },
        "R": {
            "item": "minecraft:redstone"
        },
        "M": {
            "item": "medis:madenci"
        }
    },
    "result": {
        "item": "medis:madenci_2",
        "count": 1
    },
    "group": "maden"
}