{
    "type": "minecraft:crafting_shapeless",
    "ingredients": [
        {
            "item": "minecraft:iron_nugget"
        },
        {
            "item": "minecraft:iron_nugget"
        },
        {
            "item": "minecraft:iron_nugget"
        },
        {
            "item": "minecraft:iron_nugget"
        },
        {
            "item": "medis:tup"
        },
        {
            "item": "minecraft:iron_nugget"
        },
        {
            "item": "minecraft:stone_button"
        },
        {
            "item": "minecraft:iron_nugget"
        },
        {
            "item": "minecraft:iron_nugget"
        }
    ],
    "result": {
        "item": "medis:siringa",
        "count": 3
    },
    "group": "tuppp"
}