{"stats":{"minecraft:killed":{"alexsmobs:raccoon":4,"minecraft:skeleton":4,"minecraft:chicken":3,"minecraft:magma_cube":6,"minecraft:piglin":3,"minecraft:pig":6,"minecraft:hoglin":1,"minecraft:creeper":1,"alexsmobs:crimson_mosquito":1,"minecraft:sheep":12,"minecraft:zombie":10,"minecraft:wither_skeleton":9,"minecraft:blaze":4},"minecraft:killed_by":{"minecraft:player":2,"minecraft:wither_skeleton":8,"minecraft:creeper":1,"minecraft:piglin":1,"minecraft:hoglin":3,"minecraft:skeleton":1,"minecraft:zombie":4},"minecraft:mined":{"minecraft:nether_gold_ore":17,"minecraft:white_bed":2,"biomesoplenty:burning_blossom":5,"gravestone:gravestone":22,"minecraft:grass_block":4,"minecraft:crimson_roots":1,"minecraft:weeping_vines":1,"minecraft:nether_wart":10,"minecraft:magma_block":1,"biomesoplenty:tall_lavender":1,"minecraft:iron_ore":14,"minecraft:fire":11,"biomesoplenty:lavender":15,"minecraft:andesite":17,"biomesoplenty:hellbark_log":6,"minecraft:stone":178,"minecraft:soul_sand":10,"biomesoplenty:jacaranda_planks":1,"minecraft:crafting_table":3,"minecraft:torch":2,"minecraft:nether_quartz_ore":208,"minecraft:tall_grass":2,"minecraft:copper_ore":2,"minecraft:cobblestone":7,"biomesoplenty:sprout":2,"minecraft:diorite":2,"minecraft:wheat":25,"biomesoplenty:fir_log":50,"minecraft:grass":18,"minecraft:oak_log":10,"minecraft:coal_ore":7,"minecraft:gravel":9,"minecraft:dirt":8,"minecraft:netherrack":250,"minecraft:oak_leaves":1,"minecraft:deepslate":2,"minecraft:fern":1},"minecraft:dropped":{"minecraft:bread":4,"minecraft:porkchop":1,"minecraft:wheat_seeds":7,"minecraft:weeping_vines":2,"minecraft:cobblestone":88,"biomesoplenty:fir_sapling":5,"minecraft:stick":1,"minecraft:dirt":12,"minecraft:gray_wool":1,"minecraft:diorite":2,"minecraft:torch":11,"gravestone:obituary":32,"minecraft:wooden_sword":1,"minecraft:stone_sword":4,"alexsmobs:animal_dictionary":1,"minecraft:cobbled_deepslate":2,"minecraft:rotten_flesh":4,"minecraft:oak_planks":36,"minecraft:cooked_mutton":12,"minecraft:azure_bluet":1,"minecraft:nether_brick_fence":2,"minecraft:nether_bricks":2,"minecraft:andesite":17,"minecraft:quartz_block":1,"minecraft:wooden_shovel":1,"minecraft:golden_sword":1,"minecraft:arrow":1,"minecraft:wooden_pickaxe":1,"minecraft:stone_pickaxe":4,"minecraft:quartz":1,"biomesoplenty:tall_lavender":1,"minecraft:netherrack":6},"minecraft:picked_up":{"minecraft:crafting_table":3,"biomesoplenty:burning_blossom":3,"minecraft:wheat":25,"minecraft:azure_bluet":1,"minecraft:nether_brick_fence":2,"minecraft:chicken":3,"minecraft:nether_wart":10,"minecraft:leather_leggings":1,"minecraft:lead":1,"gravestone:obituary":13,"minecraft:golden_sword":2,"minecraft:raw_copper":8,"biomesoplenty:tall_lavender":1,"minecraft:gold_nugget":62,"minecraft:cobbled_deepslate":2,"minecraft:iron_pickaxe":1,"alexsmobs:raccoon_tail":1,"minecraft:birch_sapling":2,"minecraft:egg":1,"minecraft:golden_helmet":1,"minecraft:stick":8,"minecraft:raw_iron":14,"minecraft:torch":34,"minecraft:porkchop":14,"minecraft:diorite":2,"minecraft:stone_sword":3,"minecraft:arrow":1,"minecraft:weeping_vines":2,"minecraft:rotten_flesh":6,"minecraft:nether_bricks":1,"minecraft:blaze_rod":2,"minecraft:mutton":20,"minecraft:white_wool":14,"minecraft:cobblestone":367,"biomesoplenty:lavender":15,"minecraft:magma_block":1,"minecraft:cooked_beef":1,"minecraft:andesite":17,"minecraft:leather":4,"biomesoplenty:fir_sapling":5,"biomesoplenty:fir_log":21,"minecraft:flint":3,"minecraft:oak_log":10,"biomesoplenty:jacaranda_planks":1,"minecraft:gunpowder":2,"minecraft:dirt":14,"minecraft:leather_boots":1,"minecraft:cooked_mutton":3,"minecraft:bone":11,"minecraft:wheat_seeds":78,"minecraft:stone_pickaxe":3,"minecraft:iron_ingot":7,"minecraft:glowstone_dust":4,"minecraft:soul_sand":10,"minecraft:cooked_porkchop":4,"minecraft:quartz":206,"minecraft:dandelion":1,"minecraft:gravel":9,"minecraft:white_bed":2,"biomesoplenty:hellbark_log":6,"minecraft:gray_wool":1,"minecraft:baked_potato":10,"minecraft:oak_sapling":7,"minecraft:netherrack":244,"minecraft:coal":11,"minecraft:crimson_roots":2},"minecraft:used":{"minecraft:stone_shovel":13,"minecraft:shield":29,"minecraft:iron_sword":209,"minecraft:zombie_spawn_egg":1,"minecraft:cooked_chicken":1,"minecraft:wooden_shovel":11,"minecraft:rotten_flesh":2,"minecraft:netherrack":223,"minecraft:torch":1,"minecraft:wooden_axe":64,"minecraft:birch_sapling":2,"minecraft:quartz_block":1,"minecraft:iron_helmet":1,"minecraft:oak_sapling":7,"minecraft:furnace":1,"minecraft:egg":1,"minecraft:cooked_beef":1,"biomesoplenty:burning_blossom":1,"minecraft:iron_leggings":1,"minecraft:wheat_seeds":26,"minecraft:cooked_mutton":13,"minecraft:leather_leggings":1,"minecraft:baked_potato":11,"minecraft:stone_pickaxe":270,"minecraft:wooden_pickaxe":35,"biomesoplenty:fir_planks":36,"minecraft:leather_boots":1,"minecraft:blue_bed":1,"minecraft:crafting_table":8,"minecraft:magenta_bed":1,"minecraft:white_bed":1,"biomesoplenty:jacaranda_planks":19,"minecraft:oak_log":2,"minecraft:wooden_hoe":1,"minecraft:bread":4,"minecraft:iron_pickaxe":406,"minecraft:gravel":9,"minecraft:stone_axe":8,"minecraft:cobblestone":256,"minecraft:porkchop":12,"minecraft:cooked_porkchop":4,"biomesoplenty:fir_log":1,"minecraft:dandelion":1},"minecraft:broken":{"minecraft:golden_helmet":1,"minecraft:leather_leggings":1,"minecraft:stone_pickaxe":2,"minecraft:shield":1,"minecraft:leather_boots":1,"minecraft:iron_pickaxe":2,"minecraft:wooden_axe":1},"minecraft:crafted":{"minecraft:wooden_sword":1,"minecraft:oak_planks":60,"minecraft:stone_shovel":1,"minecraft:cooked_chicken":1,"minecraft:furnace":1,"minecraft:cooked_mutton":22,"minecraft:quartz_block":38,"minecraft:iron_boots":1,"minecraft:ladder":3,"minecraft:stone_pickaxe":3,"biomesoplenty:hellbark_planks":24,"minecraft:magenta_bed":1,"minecraft:wooden_shovel":1,"biomesoplenty:jacaranda_planks":80,"minecraft:crafting_table":5,"minecraft:iron_helmet":1,"minecraft:wooden_pickaxe":2,"minecraft:baked_potato":6,"minecraft:iron_sword":1,"minecraft:blue_bed":1,"minecraft:copper_ingot":16,"minecraft:stone_axe":1,"minecraft:air":0,"minecraft:bread":8,"biomesoplenty:fir_planks":80,"minecraft:iron_chestplate":1,"minecraft:wooden_hoe":1,"minecraft:shield":1,"minecraft:stick":16,"minecraft:iron_ingot":24,"minecraft:iron_pickaxe":1,"minecraft:wooden_axe":1,"minecraft:stone_sword":1,"minecraft:iron_leggings":1,"minecraft:white_bed":1},"minecraft:custom":{"minecraft:mob_kills":72,"minecraft:interact_with_crafting_table":25,"goblintraders:trade_with_goblin":18,"minecraft:leave_game":10,"minecraft:time_since_death":15061,"minecraft:climb_one_cm":1369,"minecraft:sprint_one_cm":288962,"minecraft:damage_blocked_by_shield":2205,"minecraft:walk_one_cm":401807,"minecraft:drop":104,"minecraft:play_time":190388,"minecraft:deaths":23,"minecraft:sneak_time":21999,"minecraft:walk_under_water_one_cm":16206,"minecraft:jump":3109,"minecraft:walk_on_water_one_cm":7910,"minecraft:total_world_time":190388,"minecraft:interact_with_furnace":27,"minecraft:sleep_in_bed":5,"minecraft:time_since_rest":15333,"minecraft:waystone_activated":8,"minecraft:damage_taken":8700,"minecraft:damage_dealt":9252,"minecraft:swim_one_cm":68252,"minecraft:fly_one_cm":735839,"minecraft:open_chest":22,"minecraft:crouch_one_cm":72948,"minecraft:interact_with_smoker":1,"minecraft:fall_one_cm":114495,"minecraft:horse_one_cm":522}},"DataVersion":3120}