{"stats":{"minecraft:killed_by":{"minecraft:creeper":3,"minecraft:piglin":1,"alexsmobs:grizzly_bear":2,"minecraft:enderman":2,"alexsmobs:raccoon":1,"minecraft:skeleton":1},"minecraft:used":{"minecraft:ladder":95,"minecraft:chest":6,"minecraft:shield":38,"minecraft:iron_sword":382,"minecraft:iron_chestplate":1,"minecraft:soul_sand":1,"minecraft:lily_of_the_valley":3,"goblintraders:vein_goblin_trader_spawn_egg":1,"minecraft:carrot":2,"minecraft:allium":15,"minecraft:azure_bluet":8,"minecraft:obsidian":19,"minecraft:lava_bucket":23,"minecraft:grass_block":123,"minecraft:iron_helmet":1,"biomesoplenty:white_cherry_sapling":3,"biomesoplenty:jacaranda_sapling":20,"minecraft:golden_sword":6,"minecraft:furnace":6,"minecraft:oak_sapling":6,"biomesoplenty:fir_fence_gate":4,"biomesoplenty:fir_trapdoor":4,"minecraft:gold_block":1,"minecraft:egg":5,"minecraft:potato":8,"minecraft:cow_spawn_egg":4,"minecraft:stone_pickaxe":247,"minecraft:ender_pearl":1,"biomesoplenty:fir_planks":13,"biomesoplenty:lavender":108,"minecraft:white_wool":4,"minecraft:golden_apple":1,"biomesoplenty:jacaranda_planks":76,"waystones:waystone":13,"minecraft:bread":6,"minecraft:lilac":53,"goblintraders:goblin_trader_spawn_egg":4,"biomesoplenty:pink_cherry_sapling":3,"minecraft:andesite":18,"minecraft:bone_meal":14,"minecraft:oak_fence":3,"minecraft:flint_and_steel":5,"minecraft:cooked_chicken":4,"minecraft:netherrack":136,"minecraft:torch":178,"minecraft:dirt":47,"biomesoplenty:tall_lavender":10,"minecraft:chicken_spawn_egg":2,"minecraft:iron_boots":1,"minecraft:cooked_beef":9,"minecraft:cobbled_deepslate":3,"minecraft:powder_snow_bucket":2,"minecraft:wheat_seeds":60,"minecraft:cooked_mutton":15,"minecraft:water_bucket":80,"minecraft:cobblestone_stairs":153,"minecraft:cobblestone_slab":60,"minecraft:crafting_table":3,"travelersbackpack:chicken":21,"minecraft:white_bed":2,"minecraft:smoker":1,"minecraft:oak_log":12,"minecraft:wooden_hoe":30,"minecraft:apple":1,"minecraft:pig_spawn_egg":3,"minecraft:iron_pickaxe":593,"minecraft:golden_leggings":1,"minecraft:stone_axe":305,"minecraft:cobblestone":1133,"travelersbackpack:standard":16,"minecraft:cooked_porkchop":23,"minecraft:bucket":82,"biomesoplenty:fir_log":61},"minecraft:killed":{"minecraft:zombified_piglin":3,"minecraft:spider":2,"minecraft:skeleton":4,"minecraft:chicken":6,"minecraft:magma_cube":3,"minecraft:piglin":1,"minecraft:pig":15,"alexsmobs:grizzly_bear":1,"minecraft:sheep":16,"minecraft:trader_llama":2,"minecraft:zombie":7,"minecraft:cow":17,"minecraft:blaze":2,"alexsmobs:raccoon":1,"minecraft:wandering_trader":1,"minecraft:hoglin":2,"alexsmobs:crow":2,"goblintraders:vein_goblin_trader":1,"minecraft:wither_skeleton":3,"minecraft:enderman":4},"minecraft:dropped":{"minecraft:iron_sword":1,"minecraft:cooked_beef":2,"minecraft:baked_potato":10,"minecraft:cooked_porkchop":7,"minecraft:leather":4,"minecraft:dirt":6,"minecraft:cornflower":1,"gravestone:obituary":41,"minecraft:iron_pickaxe":4,"minecraft:white_wool":3,"minecraft:gold_ingot":1,"minecraft:bone":1,"minecraft:birch_sapling":2,"minecraft:wheat":1,"minecraft:rotten_flesh":2,"minecraft:mossy_stone_brick_slab":1,"minecraft:cooked_mutton":6,"minecraft:azure_bluet":2,"minecraft:carrot":2,"minecraft:poppy":3,"minecraft:leather_boots":1,"minecraft:leather_leggings":1,"minecraft:glass":5,"minecraft:iron_ingot":7,"minecraft:wheat_seeds":10,"minecraft:golden_helmet":1,"biomesoplenty:lavender":3,"minecraft:cobblestone":182,"minecraft:apple":1,"minecraft:granite":2,"minecraft:grass_block":1,"minecraft:stick":9,"minecraft:torch":21,"minecraft:string":2,"minecraft:dandelion":7,"minecraft:stone_sword":1,"minecraft:chicken":1,"minecraft:nether_bricks":2,"biomesoplenty:fir_planks":4,"minecraft:andesite":1,"minecraft:oak_sapling":4,"minecraft:golden_sword":1,"minecraft:stone_pickaxe":3},"minecraft:custom":{"minecraft:animals_bred":8,"minecraft:interact_with_crafting_table":89,"goblintraders:trade_with_goblin":8,"minecraft:bell_ring":9,"minecraft:leave_game":14,"minecraft:time_since_death":863,"minecraft:sprint_one_cm":807446,"minecraft:damage_blocked_by_shield":2625,"minecraft:drop":151,"minecraft:talked_to_villager":62,"minecraft:play_time":513388,"minecraft:deaths":23,"minecraft:jump":5780,"minecraft:walk_on_water_one_cm":59818,"minecraft:interact_with_furnace":221,"minecraft:sleep_in_bed":25,"minecraft:waystone_activated":13,"minecraft:damage_dealt":13695,"minecraft:player_kills":2,"minecraft:crouch_one_cm":56974,"minecraft:interact_with_smoker":2,"minecraft:horse_one_cm":9913,"minecraft:mob_kills":92,"minecraft:climb_one_cm":63750,"minecraft:walk_one_cm":1013147,"minecraft:sneak_time":20651,"minecraft:walk_under_water_one_cm":103650,"minecraft:total_world_time":513388,"minecraft:interact_with_stonecutter":1,"minecraft:time_since_rest":885,"minecraft:damage_taken":10352,"minecraft:damage_absorbed":40,"minecraft:swim_one_cm":157715,"minecraft:fly_one_cm":1597858,"minecraft:open_chest":106,"minecraft:fall_one_cm":200927},"minecraft:crafted":{"biomesoplenty:fir_trapdoor":2,"minecraft:oak_planks":52,"minecraft:cooked_chicken":5,"minecraft:cooked_mutton":26,"minecraft:glass":15,"minecraft:quartz_block":33,"minecraft:iron_boots":1,"minecraft:chest":6,"minecraft:magenta_dye":4,"minecraft:oak_fence":3,"minecraft:emerald":8,"biomesoplenty:jacaranda_planks":76,"minecraft:cooked_porkchop":49,"minecraft:crafting_table":2,"travelersbackpack:standard":1,"minecraft:baked_potato":10,"minecraft:iron_helmet":1,"travelersbackpack:chicken":1,"biomesoplenty:fir_planks":132,"minecraft:charcoal":33,"minecraft:shield":1,"minecraft:stick":176,"minecraft:iron_ingot":39,"minecraft:iron_pickaxe":3,"minecraft:gold_ingot":15,"minecraft:light_gray_dye":5,"minecraft:furnace":4,"minecraft:white_carpet":3,"travelersbackpack:white_sleeping_bag":1,"minecraft:ladder":48,"minecraft:stone_pickaxe":4,"minecraft:golden_helmet":1,"minecraft:cooked_beef":30,"travelersbackpack:backpack_tank":2,"minecraft:iron_sword":1,"minecraft:bucket":1,"minecraft:stone_axe":2,"minecraft:bread":5,"minecraft:blue_dye":5,"minecraft:golden_apple":5,"minecraft:white_dye":1,"minecraft:iron_leggings":1,"minecraft:torch":68},"minecraft:mined":{"minecraft:white_bed":2,"minecraft:mossy_stone_brick_slab":1,"biomesoplenty:burning_blossom":6,"minecraft:granite":2,"minecraft:grass_block":2,"minecraft:crimson_fungus":1,"minecraft:nether_wart":10,"minecraft:oxeye_daisy":3,"biomesoplenty:tall_lavender":10,"minecraft:glowstone":27,"minecraft:iron_ore":39,"minecraft:fire":4,"biomesoplenty:lavender":127,"minecraft:azure_bluet":4,"minecraft:quartz_block":1,"minecraft:smoker":1,"minecraft:torch":8,"minecraft:poppy":1,"minecraft:chest":2,"minecraft:nether_quartz_ore":198,"minecraft:cobblestone":12,"minecraft:sugar_cane":3,"minecraft:wall_torch":1,"minecraft:birch_log":16,"minecraft:wheat":30,"minecraft:lilac":62,"biomesoplenty:fir_log":161,"minecraft:grass":97,"minecraft:oak_log":37,"minecraft:sand":31,"minecraft:dirt":20,"minecraft:netherrack":97,"minecraft:oak_leaves":1,"minecraft:deepslate":3,"minecraft:nether_gold_ore":72,"gravestone:gravestone":20,"minecraft:ladder":1,"minecraft:nether_bricks":3,"biomesoplenty:bush":13,"minecraft:allium":22,"minecraft:crimson_roots":1,"biomesoplenty:dead_grass":1,"minecraft:red_mushroom":2,"biomesoplenty:jacaranda_log":51,"minecraft:furnace":2,"minecraft:carrots":1,"travelersbackpack:chicken":1,"minecraft:andesite":19,"minecraft:gold_block":2,"minecraft:nether_brick_fence":2,"minecraft:bookshelf":8,"minecraft:potatoes":1,"minecraft:stone":261,"minecraft:soul_sand":11,"minecraft:lily_of_the_valley":1,"minecraft:dandelion":1,"minecraft:crafting_table":1,"minecraft:cornflower":4,"minecraft:tall_grass":10,"biomesoplenty:sprout":1,"minecraft:birch_leaves":11,"minecraft:coal_ore":37,"biomesoplenty:fir_trapdoor":3,"minecraft:gravel":11,"minecraft:fern":9},"minecraft:picked_up":{"biomesoplenty:burning_blossom":9,"minecraft:wheat":18,"minecraft:nether_brick_fence":2,"minecraft:lead":4,"biomesoplenty:fir_trapdoor":3,"minecraft:string":6,"biomesoplenty:tall_lavender":10,"alexsmobs:blood_sac":1,"minecraft:gold_nugget":266,"minecraft:cobbled_deepslate":3,"biomesoplenty:fir_planks":8,"minecraft:iron_pickaxe":3,"minecraft:furnace":2,"minecraft:stick":28,"minecraft:torch":14,"minecraft:porkchop":39,"minecraft:quartz_block":2,"minecraft:stone_sword":2,"minecraft:rotten_flesh":9,"travelersbackpack:chicken":1,"minecraft:blaze_rod":1,"minecraft:cobblestone":357,"biomesoplenty:lavender":112,"minecraft:birch_log":16,"minecraft:feather":5,"minecraft:lilac":53,"minecraft:andesite":19,"biomesoplenty:fir_log":134,"minecraft:smoker":1,"minecraft:potato":3,"biomesoplenty:fir_sapling":13,"alexsmobs:bear_fur":1,"minecraft:flint":1,"minecraft:dirt":35,"minecraft:leather_boots":1,"minecraft:glass":2,"minecraft:bone":17,"minecraft:wheat_seeds":89,"minecraft:glowstone_dust":75,"minecraft:oak_planks":36,"minecraft:cooked_porkchop":5,"minecraft:sand":31,"minecraft:grass_block":1,"minecraft:lily_of_the_valley":1,"waystones:waystone":12,"minecraft:granite":2,"minecraft:bread":4,"minecraft:oak_sapling":10,"minecraft:netherrack":94,"minecraft:crimson_roots":1,"minecraft:crafting_table":1,"minecraft:allium":19,"minecraft:azure_bluet":5,"minecraft:nether_wart":12,"minecraft:chicken":6,"minecraft:ladder":1,"minecraft:leather_leggings":1,"minecraft:gold_block":2,"biomesoplenty:jacaranda_sapling":20,"gravestone:obituary":19,"minecraft:cornflower":6,"minecraft:beef":31,"minecraft:light_gray_wool":1,"minecraft:poppy":3,"minecraft:sugar_cane":6,"minecraft:chest":2,"minecraft:birch_sapling":2,"minecraft:egg":8,"minecraft:raw_iron":39,"minecraft:carrot":6,"minecraft:arrow":12,"minecraft:weeping_vines":1,"biomesoplenty:jacaranda_log":39,"minecraft:nether_bricks":3,"minecraft:gold_ingot":1,"minecraft:mutton":28,"minecraft:white_wool":13,"minecraft:oxeye_daisy":2,"minecraft:leather":17,"minecraft:red_mushroom":1,"minecraft:crimson_fungus":1,"minecraft:oak_log":36,"minecraft:cooked_mutton":14,"minecraft:apple":6,"minecraft:iron_ingot":3,"minecraft:iron_sword":1,"minecraft:soul_sand":11,"minecraft:book":24,"minecraft:quartz":192,"minecraft:dandelion":8,"minecraft:gravel":11,"minecraft:white_bed":2,"minecraft:mossy_stone_brick_slab":2,"minecraft:black_wool":1,"minecraft:coal":37,"minecraft:ender_pearl":2},"minecraft:broken":{"minecraft:golden_helmet":1,"minecraft:golden_leggings":1,"minecraft:stone_pickaxe":1,"minecraft:stone_axe":2,"minecraft:iron_sword":1,"minecraft:shield":1,"minecraft:iron_pickaxe":2}},"DataVersion":3120}